EXPERIMENT 1.7
//OPTIMIZING  DATABASE:(JOINS)

1.List the product name and quantity of invoice items.

mysql> select pname,quantity from product INNER JOIN invoice_item on product.pid=invoice_item.pid;
+--------+----------+
| pname  | quantity |
+--------+----------+
| pen    |        2 |
| pencil |        2 |
| pencil |        1 |
| soap   |        1 |
| book   |        1 |
| bag    |        8 |
+--------+----------+
6 rows in set (0.00 sec)

2.Display invoice details of the transaction dated '28-04-2022'.

mysql> select * from customer;
+-------+--------+---------+----------+------------+
| id    | name   | address | city     | ph_no      |
+-------+--------+---------+----------+------------+
| 10001 | neha   | ABC     | calicut  | 9876509878 |
| 10002 | lina   | GGG     | calicut  | 1234321234 |
| 10003 | sera   | www     | calicut  |  984271053 |
| 10004 | hadiya | LMNO    | pkd      | 5643095643 |
| 10005 | banu   | XXXYZ   | thrissur | 1234567891 |
| 10006 | thehzi | KKK     | calicut  | 5643271891 |
| 10007 | lumna  | ZZZ     | tvm      | 5643298654 |
| 10008 | nushri | QQQ     | ekm      | 8765432109 |
+-------+--------+---------+----------+------------+
8 rows in set (0.00 sec)

mysql> select * from product;
+-----+--------+-------+
| pid | pname  | price |
+-----+--------+-------+
|   1 | pen    |    56 |
|   2 | pencil |    31 |
|   3 | soap   |   102 |
|   4 | book   |    82 |
|   5 | bag    |   133 |
+-----+--------+-------+
5 rows in set (0.00 sec)

mysql> select * from invoice_master;
+--------+---------+------------+
| inv_id | cust_id | inv_date   |
+--------+---------+------------+
|    101 |   10001 | 2021-02-01 |
|    102 |   10002 | 2022-04-28 |
|    103 |   10003 | 2021-05-24 |
|    104 |   10001 | 2021-08-14 |
|    105 |   10004 | 2021-07-11 |
+--------+---------+------------+
5 rows in set (0.00 sec)

mysql> select * from invoice_item;
+--------+------+----------+
| inv_id | pid  | quantity |
+--------+------+----------+
|    101 |    1 |        2 |
|    102 |    2 |        2 |
|    103 |    2 |        1 |
|    104 |    3 |        1 |
|    104 |    4 |        1 |
|    105 |    5 |        8 |
+--------+------+----------+
6 rows in set (0.00 sec)





mysql> select * from customer INNER JOIN invoice_master ON customer.id=invoice_master.cust_id INNER JOIN invoice_item ON invoice_master.inv_id=invoice_item.inv_id INNER JOIN product ON invoice_item.pid=product.pid where inv_date=20220428;
+-------+------+---------+---------+------------+--------+---------+------------+--------+------+----------+-----+--------+-------+
| id    | name | address | city    | ph_no      | inv_id | cust_id | inv_date   | inv_id | pid  | quantity | pid | pname  | price |
+-------+------+---------+---------+------------+--------+---------+------------+--------+------+----------+-----+--------+-------+
| 10002 | lina | GGG     | calicut | 1234321234 |    102 |   10002 | 2022-04-28 |    102 |    2 |        2 |   2 | pencil |    31 |
+-------+------+---------+---------+------------+--------+---------+------------+--------+------+----------+-----+--------+-------+
1 row in set (0.00 sec)

//VERIFIED
